C01	Thứ vô hình làm nên ly bia
Một ly bia trông chỉ như nước vàng và bọt trắng, nhưng câu chuyện của nó bắt đầu ở nơi mắt người không nhìn thấy.|Unbranded amber beer glass on a teal laboratory table, microscope silhouette behind, close establishing view
Nước, hạt ngũ cốc và hoa bia đều quan trọng, nhưng chúng không tự biến thành một thức uống có cồn.|Separate water pitcher, barley grains and green hop cones on a laboratory workbench, top-down view
Nhân vật thực hiện bước biến đổi ấy là nấm men, một sinh vật chỉ gồm một tế bào.|Microscopic oval budding yeast cell with simplified internal structures, educational cutaway
Trong quá trình lên men, men sử dụng đường và tạo ra ethanol cùng khí carbon dioxide.|Yeast surrounded by incoming sugar particles and two visually distinct outgoing particle streams, metaphor without chemical lettering
Ethanol là phần cồn, còn khí carbon dioxide góp phần tạo nên những bong bóng quen thuộc.|Extreme close-up of rising bubbles within amber liquid, different visual particle symbols floating alongside, no formulas
Nhưng điều đó không có nghĩa mọi ly bia thành phẩm đều chứa men còn sống.|Filtered bright beer glass beside a cloudy yeast suspension in a separate laboratory sample tube
Lọc và xử lý nhiệt có thể khiến sản phẩm cuối khác hẳn môi trường đang lên men trong nhà máy.|Industrial filtration equipment and sealed heat-treatment tunnel, wide technical illustration
Vậy thứ chúng ta đang khám phá không phải một sinh vật sống trong mọi ly bia, mà là công việc nó đã làm.|Fermentation vessel in background and finished glass in foreground, visual before and after
Suốt nhiều thế hệ, người nấu bia giữ lại những mẻ men cho kết quả phù hợp rồi tiếp tục sử dụng chúng.|Adult brewer transferring a small starter from one fermentation vessel into another, close hands
Muốn hiểu ly bia hôm nay, hãy quay lại lúc con người còn chưa biết nấm men tồn tại.|Modern microscope visually dissolving into an ancient grain bowl, single cinematic scene
C02	Ngũ cốc, bình gốm và lịch sử
Đồ uống lên men từ ngũ cốc đã có lịch sử rất lâu, nhưng khó chỉ ra một người duy nhất đã phát minh ra bia.|Ancient grain settlement at dusk, clay jars and baskets, speculative reconstruction with no specific historical claim
Một hỗn hợp hạt và nước không tự nhiên trở thành bia chỉ vì được để quên vài ngày.|Clay bowl containing crushed grain and water, quiet close view, no magical transformation
Tinh bột trong hạt cần được chuyển thành những loại đường mà vi sinh vật có thể sử dụng.|Simplified starch bead chains within grain cutaway beside smaller sugar pieces, educational metaphor
Những cách xử lý hạt khác nhau đã giúp các cộng đồng cổ tạo được hỗn hợp thích hợp cho lên men.|Ancient adults soaking and grinding grain at a simple work area, stone tools and ceramic vessels
Men từ môi trường hoặc từ mẻ trước có thể tham gia, dù người nấu chưa biết tên của chúng.|Clay fermentation pot with subtle microscopic yeast inset rendered as a pictorial lens, no text
Ở Ai Cập cổ đại, bia và bánh mì có quan hệ gần gũi vì cùng dựa trên nguyên liệu ngũ cốc.|Ancient Egyptian bread loaves and ceramic beer jars side by side, period-appropriate linen and wood
The Met lưu giữ một mô hình xưởng bánh mì và bia có niên đại khoảng một nghìn chín trăm tám mươi mốt đến một nghìn chín trăm bảy mươi lăm trước Công nguyên.|Museum-inspired wooden miniature workshop reconstruction, explicitly not a replica or photograph of a real artifact
Mô hình mô tả những công việc như nghiền hạt, chuẩn bị hỗn hợp và để chất lỏng lên men trong bình lớn.|Ancient Egyptian adult workers grinding grain and arranging tall fermentation crocks, overhead workshop view
Nó cho thấy bia gắn với lao động và sinh hoạt, chứ không chỉ với những bữa tiệc.|Ancient Egyptian household with bread, grain and pottery on a modest meal table, adults only
Từ những bình gốm ấy đến bồn thép hiện đại, bài toán vẫn là chuẩn bị thức ăn cho vi sinh vật.|Ancient ceramic jar beside modern stainless fermentation tank, visual historical contrast without timeline text
C03	Bốn nguyên liệu, bốn nhiệm vụ
Để nhìn rõ quy trình, ta tạm gom công thức bia phổ biến thành bốn nhóm: nước, malt, hoa bia và men.|Four ingredient vessels neatly arranged on a dark teal table, no labels
Đây là mô hình để giải thích, không phải luật rằng mọi loại bia đều chỉ có đúng bốn thành phần.|Ingredient table expanding with wheat, rice and spices in separate small bowls
Nước chiếm phần lớn thể tích, đồng thời là môi trường cho các bước nấu và lên men.|Water pouring into a large brewing vessel, detailed reflective flow
Các ion khoáng và độ axit của nước có thể ảnh hưởng đến hoạt động enzyme và cảm nhận hương vị.|Water droplet magnified with abstract mineral particles, scientific visual metaphor
Malt là hạt ngũ cốc đã được cho nảy mầm có kiểm soát rồi sấy, thường được làm từ đại mạch.|Dry barley beside sprouted kernels and finished malt in three shallow dishes
Nó cung cấp tinh bột, enzyme và nhiều tiền chất góp phần tạo màu cùng mùi của bia.|Barley grain cross-section with distinct starch, enzyme and outer husk pictorial regions
Hoa bia đem đến vị đắng và các thành phần thơm, chứ không phải nguồn tạo cồn chính.|Green hop cone macro with luminous resin glands, dark teal backdrop
Men là bộ máy sinh học sử dụng đường đã được chuẩn bị trong dịch nấu.|Fermentation starter flask with budding yeast enlarged in a circular visual window
Chỉ thay một nhóm nguyên liệu hoặc cách xử lý, kết quả đã có thể khác đáng kể.|Two brewing benches with different malt shades and hop bowls, balanced comparison
Nhưng trước khi men hoạt động, người nấu phải giải quyết chiếc kho năng lượng nằm trong từng hạt.|Large barley kernel beside a small safe-shaped metaphor, no words or numerals
C04	Mở kho tinh bột trong hạt
Hãy hình dung hạt đại mạch là một kho dự trữ năng lượng, với tinh bột đóng thành những chuỗi dài.|Cutaway barley grain containing long coiled bead chains, clean educational illustration
Ở bước làm malt, hạt được ngâm nước để bắt đầu quá trình nảy mầm có kiểm soát.|Barley soaking in a shallow industrial malting basin, close water surface
Khi mầm phát triển, hệ enzyme và cấu trúc bên trong hạt thay đổi để phục vụ cây non.|Sprouting barley macro with delicate roots, scientific inset of softened endosperm
Người làm malt sau đó sấy hạt, dừng sự phát triển ở giai đoạn phù hợp với mục tiêu sản xuất.|Warm-air malt kiln with grain bed, cinematic cross-section, no flames touching grain
Malt được nghiền để nước dễ tiếp cận phần bên trong, nhưng không phải nghiền càng mịn càng tốt.|Roller mill opening barley husks, close mechanical view with separated grain particles
Trong bước mashing, malt nghiền được trộn với nước ở điều kiện nhiệt độ thích hợp.|Mash tun cutaway showing crushed malt mixing in warm water
Các enzyme như amylase giúp cắt tinh bột thành những phân tử nhỏ hơn, trong đó có đường lên men được.|Enzyme-shaped tool separating starch bead chains into smaller clusters, explicitly visual metaphor
Nhiệt độ và thời gian ảnh hưởng đến thành phần dịch nấu, nên người nấu phải điều khiển chúng cẩn thận.|Adult brewer monitoring a mash vessel with blank instruments, no invented readings
Sau khi tách bã hạt, phần dịch chứa đường được gọi là wort, hay dịch nha.|Lauter tun cutaway with grain bed above and amber wort collecting below
Chiếc kho đã mở, nhưng men vẫn phải chờ dịch nha được nấu và làm nguội trước khi vào việc.|Amber wort vessel near a heat exchanger, wide clean brewing room
C05	Đắng và thơm không phải cùng một nút
Khi hoa bia được thêm vào dịch nha, người nấu bắt đầu điều chỉnh một phần vị đắng và hương thơm.|Hop cones entering a copper-colored boiling kettle, overhead close-up
Trong lúc đun sôi, alpha acid từ hoa bia có thể biến đổi thành iso alpha acid.|Hop resin particles changing shape in heated amber liquid, abstract scientific illustration with no chemical formulas
Những hợp chất này góp phần quan trọng vào vị đắng đặc trưng của nhiều loại bia.|Single hop cone beside amber liquid and a restrained bitter-taste pictorial wave
Tuy nhiên, hoa bia còn chứa nhiều chất thơm, và một phần trong số đó dễ bay hơi khi gặp nhiệt.|Aromatic wisps rising from hops above a hot kettle, visually distinct from liquid
Vì vậy thời điểm thêm hoa bia có thể làm thay đổi sự cân bằng giữa đắng và thơm.|Two separate brewing vessels in one wide composition, early boiling and later cooled stage
Cho vào sớm khi nấu thường là một cách nhấn mạnh việc tạo vị đắng.|Adult brewer adding hop pellets into a steaming kettle, side view
Cho vào muộn hoặc dùng dry hopping thường nhằm khai thác hương hoa bia theo cách khác.|Closed fermentation vessel receiving hop pellets through a sanitary port, cool lighting
Dry hopping là thêm hoa bia sau giai đoạn nấu sôi, không phải bỏ hoa vào một chiếc ly khô.|Cool stainless brewing tank with hop basket and no steaming boil, close technical view
Nhưng đừng hiểu rằng dry hopping hoàn toàn không làm đổi vị đắng, vì hóa học thực tế phức tạp hơn.|Hop compounds in a cool liquid with multiple abstract sensory pathways, no text
Cùng một nguyên liệu, thay cách sử dụng là ta đã đổi được một phần tính cách của ly bia.|One hop cone foreground with warm kettle left and cool fermentation tank right in background
C06	Nhà máy nhỏ tên là men
Sau khi dịch nha được làm nguội đến mức phù hợp, người nấu bổ sung men để bắt đầu lên men.|Sanitary yeast pitching into cooled wort inside a stainless vessel, close technical shot
Nhìn dưới kính hiển vi, nhiều tế bào men có dạng bầu dục và có thể sinh sản bằng nảy chồi.|Field of oval budding yeast cells, varied budding stages, educational microscopy-inspired anime
Có thể ví mỗi tế bào như một nhà máy nhỏ nhận đường rồi đưa sản phẩm chuyển hóa ra ngoài.|Single yeast cutaway imagined as a miniature factory, machinery is visibly metaphorical
Trong điều kiện lên men phù hợp, ethanol và carbon dioxide là hai sản phẩm nổi bật của quá trình ấy.|Sugar particles entering yeast, liquid-like ethanol symbols and bubble-like gas symbols exiting
Nhưng men còn tạo ra nhiều hợp chất khác có ảnh hưởng lớn đến mùi và vị.|Yeast emitting several different colored aroma particle types into amber liquid
Chủng men, nhiệt độ và điều kiện lên men vì thế đều có thể để lại dấu ấn trong thành phẩm.|Three small fermentation flasks in subtly different temperature environments, no thermometric numbers
Men dùng cho nhiều loại ale thuộc loài Saccharomyces cerevisiae, cũng có những họ hàng quen thuộc trong nghề làm bánh.|Budding yeast enlarged beside separate bread dough and ale fermentation vessels
Men lager phổ biến được gọi là Saccharomyces pastorianus, với nguồn gốc lai giữa hai dòng tổ tiên.|Two distinct yeast cell silhouettes merging into one hybrid, conceptual genetics image
Hai dòng ấy liên quan đến Saccharomyces cerevisiae và Saccharomyces eubayanus, trong đó dòng sau có khả năng chịu lạnh đáng chú ý.|Warm-toned yeast cell and cool-toned yeast cell beside their hybrid descendant, no labels
Những chi tiết lai và thuần hóa cho thấy lịch sử men bia không gói gọn trong một lần phát minh.|Branching yeast ancestry pictorial network on a dark background, empty space for verified code labels
C07	Ale và lager: nhìn vào quy trình
Hai ly bia có thể cùng màu vàng, nhưng màu sắc không đủ để cho biết chúng thuộc ale hay lager.|Two nearly identical unbranded pale beer glasses on a neutral laboratory bench
Phân biệt hai nhóm này cần nhìn vào men và cách lên men, thay vì chỉ nhìn màu hoặc độ đắng.|Two fermentation vessels behind similar beer glasses, microscope between them
Nhiều loại ale được lên men ở điều kiện ấm hơn so với những quy trình lager truyền thống.|Ale fermentation room under warm soft lighting, blank temperature display
Lager thường gắn với men chịu lạnh và giai đoạn lưu trữ lạnh để bia tiếp tục hoàn thiện.|Cold lager cellar with stainless tanks and restrained cool mist
Đó là xu hướng phổ biến, không phải một ranh giới nhiệt độ bất biến cho mọi chủng men.|Two fermentation settings with overlapping warm and cool lighting in the center
Từ lager có liên hệ với ý niệm lưu trữ trong tiếng Đức, phản ánh vai trò của quá trình bảo quản.|Historical central European cool stone cellar with wooden barrels, adults in period clothing
Pilsner là một nhánh lager quen thuộc, còn nhiều loại stout, porter và IPA nằm trong thế giới ale.|Several distinct unbranded beer glasses of pale, amber and dark color, no rankings
Những tên gọi ấy không phải bảng xếp hạng tốt hơn hay mạnh hơn, mà mô tả những phong cách khác nhau.|Diverse beer glasses arranged around ingredient bowls, educational tasting layout without people drinking
Các phong cách dùng men hoang dã hoặc lên men phối hợp còn khiến bức tranh rộng hơn hai nhóm đơn giản.|Multiple yeast and bacterial shapes in a separate fermentation vessel, educational stylization
Muốn hiểu một ly bia cụ thể, cần đọc công thức và quy trình, chứ không chỉ chọn một cái nhãn.|Blank recipe notebook, grain bowls and glass beside brewer's gloved hands
C08	Những bong bóng có cấu trúc
Trong lúc lên men, men tạo carbon dioxide, nhưng lượng khí trong thành phẩm còn phụ thuộc cách nhà máy xử lý bia.|Fermentation vessel releasing bubbles through a sanitary vent, wide technical scene
Bia có thể được giữ khí từ lên men hoặc được bổ sung carbon dioxide trong quá trình sản xuất.|Two separate carbonation vessels showing fermentation gas capture and external gas cylinder connection
Trong chai kín, áp suất giúp duy trì một phần khí hòa tan trong chất lỏng.|Cutaway sealed beer bottle with dissolved abstract gas particles, no exploding imagery
Khi mở nắp, áp suất giảm và khí dễ thoát ra dưới dạng bong bóng hơn.|Unbranded bottle cap being lifted with tiny gas wisps and rising bubbles, close view
Những điểm nhỏ trên bề mặt ly có thể trở thành nơi bong bóng bắt đầu hình thành.|Extreme macro glass surface showing a tiny nucleation site and a forming bubble
Các bong bóng đi lên rồi tập hợp thành lớp bọt mà chúng ta nhìn thấy.|Macro bubble column rising to a foam layer at the surface
Lớp bọt bền hay nhanh tan không chỉ phụ thuộc vào lượng khí carbon dioxide.|Two identical glass vessels with stable fine foam and rapidly collapsing coarse foam
Protein và các hợp chất từ hoa bia có thể tham gia vào cấu trúc bề mặt của bọt.|Educational bubble film cross-section with protein-like ribbons and hop-compound dots
Dầu mỡ hoặc cặn trên ly cũng có thể làm lớp bọt hoạt động khác đi.|Clean glass rim beside another rim with a subtle oily film, macro comparison
Vì vậy một vành bọt nhỏ thực ra là kết quả của nhiều tương tác vật lý và hóa học.|Foam landscape macro showing varied bubble sizes, luminous amber beneath white films
C09	Màu đen không đo nồng độ cồn
Đặt malt sáng cạnh malt sẫm, ta đã thấy một phần nguồn gốc của dải màu bia.|Pale malt and dark roasted malt in two dishes on a neutral workbench
Cách sấy và rang tạo ra những thay đổi hóa học ảnh hưởng đến màu cùng hương của nguyên liệu.|Malt kiln and roasting drum in one coherent industrial scene, grain changing shade
Các phản ứng do nhiệt, trong đó có phản ứng Maillard, góp phần tạo những hợp chất màu và mùi mới.|Heated grain macro with abstract reacting sugar and amino particle symbols, no formulas
Khi đưa vào công thức, những loại malt khác nhau giúp tạo màu từ vàng nhạt đến nâu rất sẫm.|Row of four unbranded glasses transitioning pale gold through amber and brown to dark
Màu đó không phải một chiếc thước trực tiếp đo lượng ethanol trong ly.|Dark and pale beer glasses beside two blank measuring cylinders, no numbers
Một loại bia đen có thể có nồng độ cồn thấp hơn một loại bia vàng, tùy công thức cụ thể.|Dark glass beside pale glass with neutral independent quantity indicators left blank for code
Ngược lại, nhìn trong và sáng màu cũng không đủ để kết luận thức uống nhẹ cồn.|Very pale clear beer glass with separate laboratory analysis vial, close composition
Nồng độ cồn phụ thuộc nhiều vào lượng đường lên men được và mức độ men chuyển hóa chúng.|Sugar clusters flowing toward yeast while grain color samples sit separately in background
Malt rang còn có thể góp những cảm giác gợi bánh mì nướng, caramel hoặc cà phê.|Roasted malt bowl surrounded by pictorial toasted bread, caramel and coffee aroma motifs
Màu kể chuyện về nguyên liệu và xử lý nhiệt, còn phần cồn phải được đọc bằng thông tin khác.|Beer color spectrum beside blank bottle label area reserved for later ABV overlay
C10	Mùi trái cây có thể do men tạo ra
Một ly bia có thể gợi chuối, cam hoặc cà phê dù công thức không nhất thiết chứa những thứ ấy.|Central unbranded beer glass surrounded by soft imagined banana, citrus and coffee aroma silhouettes
Mùi cảm nhận được đến từ những phân tử bay hơi tương tác với hệ khứu giác của chúng ta.|Adult nose profile sensing delicate aroma wisps above a laboratory sample glass
Một số ester do men tạo ra trong lên men có thể gợi cảm giác trái cây.|Yeast cell with small ester-like abstract particle clusters leading to faint fruit silhouettes
Chẳng hạn, isoamyl acetate thường được liên hệ với mùi chuối trong những bối cảnh phù hợp.|Banana aroma motif beside yeast fermentation flask, no actual fruit entering liquid
Một số hợp chất phenol có thể tạo cảm giác gợi đinh hương, tùy chủng men và nguyên liệu.|Clove aroma silhouette hovering beside an active yeast vessel
Hoa bia có thể góp các nốt hương gợi cam quýt, hoa hoặc nhựa thông.|Hop cones with faint citrus, blossom and pine pictorial aroma motifs
Malt và quá trình xử lý nhiệt lại góp những nốt gợi hạt, bánh mì hoặc nguyên liệu rang.|Malt dish with soft toasted bread and roasted grain aroma silhouettes
Đó là cách mô tả cảm giác, không phải bằng chứng rằng người nấu đã bỏ đúng loại quả ấy vào bia.|Empty fruit bowl beside sealed beer sample and a separate recipe notebook, no text
Tất nhiên cũng có những công thức thật sự thêm trái cây, gia vị hoặc cà phê, nên cần phân biệt hai trường hợp.|Two separate brewing stations, one ingredient-only and one with actual fruit additions
Hương bia là tổng hợp của nguyên liệu, hoạt động của men và cách người nấu điều khiển cả quy trình.|Malt, hops, yeast flask and temperature control surrounding one aroma plume, visual synthesis
C11	Từ ly bia đến gan và não
Đến đây, câu chuyện chuyển từ những gì diễn ra trong bồn lên men sang những gì diễn ra trong cơ thể.|Beer sample foreground transitioning to a restrained adult anatomical silhouette in background
Sau khi uống, ethanol được hấp thu qua hệ tiêu hóa và theo máu đi đến nhiều cơ quan.|Simplified anatomically plausible digestive tract and bloodstream in an adult torso, no graphic detail
Ở não, alcohol tác động đến các hệ truyền tín hiệu và có thể làm suy giảm phán đoán cùng phối hợp vận động.|Educational brain cutaway with altered signal pathways, restrained cool palette
Mức ảnh hưởng không chỉ do số ly, mà còn liên quan lượng cồn, tốc độ uống và đặc điểm từng người.|Different unbranded serving vessels beside neutral adult silhouettes, no numerical safe thresholds
Cảm giác vẫn nói chuyện bình thường không chứng minh mọi khả năng của cơ thể còn nguyên vẹn.|Adult at a table speaking while abstract balance and attention icons soften in background
Gan là nơi quan trọng trong chuyển hóa ethanol, với nhiều enzyme tham gia xử lý.|Anatomically plausible liver highlighted within adult torso, educational medical illustration
Một con đường chủ yếu bắt đầu bằng enzyme ADH chuyển ethanol thành acetaldehyde.|Liver cutaway with first abstract metabolic conversion stage, labels left empty for code
Sau đó enzyme ALDH chuyển acetaldehyde thành acetate, trước khi cơ thể xử lý tiếp.|Second metabolic stage within a liver-inspired clean scientific layout, no molecular structures
Acetaldehyde là chất độc, nên bước trung gian này không phải một chi tiết có thể bỏ qua.|Intermediate particle cluster accumulating between two enzyme-shaped gates, metaphor not literal anatomy
Chịu được cảm giác say không đồng nghĩa với việc ethanol trở nên vô hại cho cơ thể.|Adult silhouette standing calmly beside a separate liver and brain scientific inset
C12	Đỏ mặt không phải giải rượu tốt
Có người chỉ uống một lượng nhỏ đã đỏ mặt, trong khi người bên cạnh ít biểu hiện ra ngoài.|Two clearly adult people at a quiet table, one flushed and one neutral, no festive glamour
Một nguyên nhân quan trọng là khác biệt di truyền trong các enzyme chuyển hóa alcohol.|Two adult silhouettes with different abstract enzyme shapes in a small educational inset
Một số biến thể liên quan đến ALDH2 làm việc xử lý acetaldehyde kém hiệu quả hơn.|Enzyme-shaped gate processing particles slowly, conceptual close-up without gene lettering
Chất này có thể tích tụ và góp phần gây phản ứng đỏ mặt cùng những khó chịu khác.|Flushed adult face with restrained accumulating particles in a separate scientific window
Nhưng đỏ mặt không phải một cách xét nghiệm gene chính xác ngay tại bàn ăn.|Adult looking at flushed cheeks in a mirror beside a separate laboratory tube
Thuốc và những yếu tố khác cũng có thể liên quan, nên không nên tự chẩn đoán chỉ từ biểu hiện ấy.|Neutral medication containers without branding beside an adult medical consultation setting
Điều cần bỏ là quan niệm mặt đỏ chứng tỏ máu lưu thông tốt hoặc cơ thể giải rượu rất nhanh.|Flushed adult portrait beside slow metabolic gate metaphor, no health-benefit symbolism
Che được triệu chứng đỏ mặt cũng không chứng minh acetaldehyde đã biến mất.|Adult face becoming less flushed while intermediate particles remain in a separate inset
Với người có phản ứng này, cố luyện để uống nhiều hơn không phải một mục tiêu có lợi cho sức khỏe.|Adult setting a glass aside with calm neutral expression, no shame or judgment
Cơ thể đang cho thấy một khác biệt sinh học, chứ không tham gia cuộc thi ai uống khỏe hơn.|Two adults with water glasses speaking calmly, respectful everyday scene
C13	Cà phê không xóa cồn trong máu
Một người buồn ngủ sau khi uống bia có thể thấy tỉnh hơn khi dùng cà phê.|Clearly adult person beside coffee cup and an untouched beer glass, neutral home setting
Nhưng cảm giác tỉnh táo và khả năng cơ thể loại bỏ ethanol là hai vấn đề khác nhau.|Alert adult face on one side and liver metabolism inset on the other, split educational composition
Caffeine có thể che bớt cảm giác buồn ngủ mà không khôi phục hoàn toàn những chức năng bị alcohol ảnh hưởng.|Adult eyes open wider while coordination pathway icons remain dim, restrained metaphor
Nó cũng không khiến gan đột nhiên chuyển hóa phần cồn đã uống nhanh hơn.|Coffee cup beside liver processing particles at an unchanged pace, no timers or numbers
Tắm lạnh hay đi bộ cũng không phải chiếc nút đưa nồng độ cồn trong máu về không.|Neutral shower and walking shoes beside a persistent bloodstream particle inset
Thời gian mới là yếu tố cần thiết để cơ thể tiếp tục xử lý ethanol, và tốc độ khác nhau giữa từng người.|Quiet clock without numerals beside two distinct adult silhouettes and liver insets
Vì thế không thể lấy một công thức giờ cố định để bảo đảm ai đó đã hết ảnh hưởng của alcohol.|Several blank clock faces with differing adult silhouettes, no driving countdown
Cảm giác tự tin sau cà phê có thể khiến một người đánh giá sai khả năng của mình.|Adult holding coffee near a coat rack with car keys placed aside, subdued lighting
Sau khi uống rượu bia, lựa chọn an toàn là không lái xe và dùng phương án di chuyển phù hợp.|Adult passenger entering a neutral taxi with a sober driver, no logos
Tỉnh hơn trong cảm giác không đồng nghĩa với hết cồn, và hai điều ấy cần được tách rõ.|Coffee cup and separate blood sample tube on a clinical tabletop, visual distinction
C14	Bia không phải thuốc
Nếu bia chứa những chất từ ngũ cốc và hoa bia, liệu uống một chút có tốt cho sức khỏe không?|Beer sample, barley and hops beside a neutral health question visual left blank for overlay
Một số nghiên cứu quan sát từng ghi nhận liên hệ giữa mức uống thấp và vài kết quả sức khỏe thuận lợi.|Adult researcher examining blank charts on a desk, no invented data
Nhưng một mối liên hệ không tự chứng minh rằng chính alcohol tạo ra lợi ích ấy.|Two parallel abstract pathways with an empty causal link area, no fake graph numbers
Lối sống, bệnh có sẵn và cách chọn nhóm so sánh có thể làm việc diễn giải kết quả khó hơn.|Three adult lifestyle scenes in a coherent research illustration, sleep, exercise and medical history
Đối với ung thư, WHO cho biết chưa xác định được mức tiêu thụ alcohol hoàn toàn không có rủi ro.|Neutral medical research room with a beer sample and blank risk-chart space, no scary imagery
IARC xếp đồ uống có cồn vào nhóm chất gây ung thư ở người, dựa trên mức chắc chắn của bằng chứng.|Adult scientist holding a plain evidence dossier beside a generic molecular visualization
Nhóm phân loại ấy không có nghĩa mọi chất trong nhóm đều gây mức nguy cơ giống nhau.|Different abstract exposure pathways on separate cards, no ranking or skull symbols
Nói không có mức hoàn toàn vô rủi ro cũng không có nghĩa ai uống một ngụm đều sẽ mắc bệnh.|Several neutral adult silhouettes beside a probabilistic dotted pattern, no deterministic outcomes
Nguy cơ phụ thuộc vào lượng uống và nhiều yếu tố khác, nhưng uống ít hơn giúp giảm nguy cơ do alcohol.|Adult replacing an alcoholic glass with water at an everyday table, calm composition
Vì vậy không nên bắt đầu uống bia như một cách chữa bệnh hay một đơn thuốc cho sức khỏe.|Glass set apart from a plain medical prescription pad, no medicine claims or readable text
C15	Giữ vị bia, giảm ethanol
Một ly bia ít hoặc không cồn vẫn có thể mang nhiều dấu hiệu cảm giác quen thuộc của bia.|Two visually similar unbranded pale beer glasses on a laboratory bench
Malt, hoa bia, các hợp chất thơm và carbon dioxide vẫn có thể hiện diện trong sản phẩm.|Malt, hop cones, aroma wisps and bubbles surrounding a single sample glass
Một hướng sản xuất là điều chỉnh nguyên liệu, men hoặc quy trình để tạo ra ít ethanol hơn.|Small pilot brewery with controlled fermentation vessel and separate ingredient dishes
Một hướng khác là tạo bia rồi giảm alcohol bằng những công nghệ tách phù hợp.|Industrial membrane separation system beside a sealed low-temperature processing vessel
Tuy nhiên việc giảm ethanol có thể làm thay đổi hương và cảm giác trong miệng.|Two sample glasses with differing abstract mouthfeel ribbons and aroma particle densities
Nhà sản xuất vì vậy phải tìm cách cân bằng lại thành phần và quy trình, chứ không chỉ bỏ một chất.|Adult laboratory brewer comparing small sample glasses with pipettes and blank notes
Lớp bọt cũng là một hệ nhiều thành phần, nên không thể giải thích chỉ bằng việc có hay không có ethanol.|Close foam layer with protein ribbons, gas bubbles and hop particles in an educational inset
Tên gọi ít cồn, không cồn hoặc không chấm không có thể có cách dùng khác nhau theo sản phẩm và thị trường.|Three unbranded bottles with completely blank labels reserved for later accurate code text
Muốn biết lượng cồn thực tế, hãy đọc thông tin sản phẩm thay vì suy đoán chỉ từ tên phía trước.|Adult hand pointing to blank rear label area of a generic bottle, no invented certification
Điều này cũng nhắc ta rằng vị giống nhau không có nghĩa thành phần và lượng ethanol giống nhau.|Two matching glasses above different abstract component arrangements, scientific comparison
C16	Một thí nghiệm kéo dài qua nhiều thế hệ
Quay lại ly bia lúc đầu, giờ ta có thể nhìn thấy nhiều lớp câu chuyện bên trong nó.|Return to opening amber glass on teal laboratory table, matching light and camera placement
Ngũ cốc giữ năng lượng, còn quá trình làm malt chuẩn bị nguyên liệu cho những bước biến đổi tiếp theo.|Barley kernel and sprouted malt arranged in a flowing visual arc
Enzyme giúp mở kho tinh bột để dịch nha có những loại đường mà men dùng được.|Starch chains breaking into smaller sugar clusters around a barley cutaway
Hoa bia góp vị đắng và hương, với kết quả phụ thuộc cả nguyên liệu lẫn cách sử dụng.|Hop cone above a warm kettle and cool aroma vessel, continuous single scene
Men biến một phần đường thành ethanol, carbon dioxide và nhiều hợp chất cảm giác khác.|Yeast cell surrounded by distinct ethanol, gas and aroma particle motifs
Nhiệt độ, thời gian và thiết bị giúp người nấu kiểm soát quá trình trong những giới hạn nhất định.|Adult brewer in a clean modern facility checking vessels and blank instruments
Khi thức uống đi vào cơ thể, ethanol lại bắt đầu một câu chuyện sinh học hoàn toàn khác.|Glass visually transitioning toward restrained adult digestive, liver and brain silhouette
Hiểu được cả hai phía giúp ta phân biệt sự tò mò về bia với những lời hứa sức khỏe thiếu căn cứ.|Laboratory notebook and ordinary water glass beside a beer sample, thoughtful educational still life
Một ly bia có thể kể chuyện về lịch sử, hóa học và cách con người học làm việc với vi sinh vật.|Ancient pottery, barley, microscope and steel vessel surrounding one central beer sample
Và điều đáng kinh ngạc nhất là nền tảng của câu chuyện ấy đến từ một sinh vật tổ tiên chúng ta từng không thể nhìn thấy.|Extreme close-up of one budding yeast cell softly reflected in an amber glass, poetic closing frame
